{
    "loss": 19.51709747314453,
    "accuracy": 0.5686274766921997
}