{
    "loss": 22.250396728515625,
    "accuracy": 0.5686274766921997
}