{
    "loss": 26.959407806396484,
    "accuracy": 0.5686274766921997
}