{
    "loss": 33.10531997680664,
    "accuracy": 0.4313725531101227
}